{
  "pt": {
    "Kenosis Cristã": {
      "práticas": [
        "Silêncio orante diário",
        "Entrega radical ao Amor (ágape)",
        "Perdão incondicional dos inimigos"
      ],
      "diagnóstico": "Você consegue amar mesmo sendo rejeitado?"
    },
    "Místico Sufi": {
      "práticas": [
        "Zikr (lembrança do nome divino)",
        "Poesia e dança como oração",
        "Entrega ao Amado no silêncio do coração"
      ],
      "diagnóstico": "Você se dissolve no Amor até não restar ‘você’?"
    },
    "Cristão Hesicasta": {
      "práticas": [
        "Oração do coração (‘Senhor Jesus Cristo, tem piedade de mim’)",
        "Isolamento contemplativo",
        "Respiração compassiva contínua"
      ],
      "diagnóstico": "O silêncio interior é mais real que o mundo?"
    },
    "Psicologia Integral (Transpessoal)": {
      "práticas": [
        "Jornada da Sombra",
        "Respiração holotrópica",
        "Integração arquetípica (Self, Ego, Persona)"
      ],
      "diagnóstico": "Você consegue acolher sua sombra com amor?"
    }
  },
  "en": {
    "Christian Kenosis": {
      "practices": [
        "Daily contemplative silence",
        "Radical surrender to divine Love (agape)",
        "Unconditional forgiveness"
      ],
      "diagnosis": "Can you love even while being rejected?"
    },
    "Sufi Mystic": {
      "practices": [
        "Zikr (divine remembrance)",
        "Poetry and dance as devotion",
        "Dissolution into the Beloved"
      ],
      "diagnosis": "Do you vanish in the Beloved until nothing remains of you?"
    },
    "Hesychast Christian": {
      "practices": [
        "Prayer of the Heart (‘Lord Jesus Christ, have mercy on me’)",
        "Stillness and solitude",
        "Breath-aligned compassion"
      ],
      "diagnosis": "Is your inner silence more real than the world?"
    },
    "Integral Psychology (Transpersonal)": {
      "practices": [
        "Shadow work and integration",
        "Holotropic breathing",
        "Dialogue with archetypes (Self, Ego, Shadow)"
      ],
      "diagnosis": "Can you embrace your shadow with love?"
    }
  }
}